{
  "pour": {
    "arm_joints": [
      0.04518445189461294,
      -0.08069324839718295,
      -3.0483383395951424,
      -1.8574501980994285,
      0.03399396342680307,
      -1.3033089595395557,
      1.60374948317521
    ],
    "ee_pose": [
      0.29296720027923584,
      -0.05334051325917244,
      0.2725414037704468,
      0.7388792556828686,
      0.6732311631108195,
      0.006054351368406303,
      0.0279390652580096
    ],
    "max_len": 300,
    "speed": 1.0
  },
  "cut": {
    "arm_joints": [
      0.04518445189461294,
      -0.08069324839718295,
      -3.0483383395951424,
      -1.8574501980994285,
      0.03399396342680307,
      -1.3033089595395557,
      1.60374948317521
    ],
    "ee_pose": [
      0.29296720027923584,
      -0.05334051325917244,
      0.2725414037704468,
      0.7388792556828686,
      0.6732311631108195,
      0.006054351368406303,
      0.0279390652580096
    ],
    "max_len": 500,
    "speed": 1.0
  },
  "hammer": {
    "arm_joints": [
      0.04518445189461294,
      -0.08069324839718295,
      -3.0483383395951424,
      -1.8574501980994285,
      0.03399396342680307,
      -1.3033089595395557,
      1.60374948317521
    ],
    "ee_pose": [
      0.29296720027923584,
      -0.05334051325917244,
      0.2725414037704468,
      0.7388792556828686,
      0.6732311631108195,
      0.006054351368406303,
      0.0279390652580096
    ],
    "max_len": 500,
    "speed": 1.0
  },
  "sweep": {
    "arm_joints": [
      0.04518445189461294,
      -0.08069324839718295,
      -3.0483383395951424,
      -1.8574501980994285,
      0.03399396342680307,
      -1.3033089595395557,
      1.60374948317521
    ],
    "ee_pose": [
      0.29296720027923584,
      -0.05334051325917244,
      0.2725414037704468,
      0.7388792556828686,
      0.6732311631108195,
      0.006054351368406303,
      0.0279390652580096
    ],
    "max_len": 500,
    "speed": 1.0
  },
  "scoop": {
    "arm_joints": [
      0.04518445189461294,
      -0.08069324839718295,
      -3.0483383395951424,
      -1.8574501980994285,
      0.03399396342680307,
      -1.3033089595395557,
      1.60374948317521
    ],
    "ee_pose": [
      0.29296720027923584,
      -0.05334051325917244,
      0.2725414037704468,
      0.7388792556828686,
      0.6732311631108195,
      0.006054351368406303,
      0.0279390652580096
    ],
    "max_len": 500,
    "speed": 1.0
  }
}
